model,shots,degradation,seed,accuracy,f1,train_time_sec,num_params
small_cnn,5,none,42,0.31777777777777777,0.2921769222877555,1.4,549290
small_cnn,5,none,123,0.25722222222222224,0.2497280992505862,0.4,549290
small_cnn,5,none,7,0.30333333333333334,0.26122169108499815,0.4,549290
small_cnn,5,none,2024,0.2577777777777778,0.24576000355515673,0.4,549290
small_cnn,5,none,99,0.31037037037037035,0.2693412509860034,0.4,549290
small_cnn,5,none,17,0.3424074074074074,0.3250690607802429,0.4,549290
small_cnn,5,none,256,0.31555555555555553,0.28636194137743887,0.4,549290
small_cnn,5,none,512,0.3101851851851852,0.2802635517579745,0.4,549290
small_cnn,5,none,88,0.2562962962962963,0.24941076242841417,0.4,549290
small_cnn,5,none,314,0.2898148148148148,0.2664196520474334,0.4,549290
small_cnn,5,moderate,42,0.27166666666666667,0.2328152019830692,0.5,549290
small_cnn,5,moderate,123,0.2687037037037037,0.2446034045107291,0.5,549290
small_cnn,5,moderate,7,0.33685185185185185,0.30159398897057316,0.5,549290
small_cnn,5,moderate,2024,0.26722222222222225,0.2563924205028627,0.5,549290
small_cnn,5,moderate,99,0.2859259259259259,0.2553701215977308,0.5,549290
small_cnn,5,moderate,17,0.31685185185185183,0.2974663334024323,0.5,549290
small_cnn,5,moderate,256,0.2659259259259259,0.22137919274082907,0.5,549290
small_cnn,5,moderate,512,0.2735185185185185,0.263471038142177,0.5,549290
small_cnn,5,moderate,88,0.24462962962962964,0.22337618537388285,0.5,549290
small_cnn,5,moderate,314,0.2788888888888889,0.23253404613498802,0.5,549290
small_cnn,5,severe,42,0.25833333333333336,0.22964068052251146,0.5,549290
small_cnn,5,severe,123,0.26166666666666666,0.23358361030586278,0.5,549290
small_cnn,5,severe,7,0.3251851851851852,0.30655209821954255,0.5,549290
small_cnn,5,severe,2024,0.2683333333333333,0.24378423879870667,0.5,549290
small_cnn,5,severe,99,0.272037037037037,0.24256881666110316,0.5,549290
small_cnn,5,severe,17,0.3061111111111111,0.27713844003445753,0.5,549290
small_cnn,5,severe,256,0.27425925925925926,0.2501679528095711,0.5,549290
small_cnn,5,severe,512,0.26222222222222225,0.2536411946247245,0.5,549290
small_cnn,5,severe,88,0.26685185185185184,0.24521091758283955,0.5,549290
small_cnn,5,severe,314,0.287962962962963,0.2374651903788502,0.5,549290
small_cnn,10,none,42,0.30944444444444447,0.251517150649849,0.6,549290
small_cnn,10,none,123,0.3016666666666667,0.27298191598077926,0.6,549290
small_cnn,10,none,7,0.3540740740740741,0.30986267842389453,0.6,549290
small_cnn,10,none,2024,0.36833333333333335,0.35152294939752066,0.6,549290
small_cnn,10,none,99,0.2924074074074074,0.27893965179847324,0.6,549290
small_cnn,10,none,17,0.3675925925925926,0.3325468791818108,0.6,549290
small_cnn,10,none,256,0.3896296296296296,0.35061800044912067,0.6,549290
small_cnn,10,none,512,0.3424074074074074,0.3011128072514522,0.6,549290
small_cnn,10,none,88,0.31925925925925924,0.3053929646251802,0.6,549290
small_cnn,10,none,314,0.3648148148148148,0.32590450094615897,0.6,549290
small_cnn,10,moderate,42,0.3385185185185185,0.31630150943911084,0.8,549290
small_cnn,10,moderate,123,0.37833333333333335,0.32982045051632014,0.8,549290
small_cnn,10,moderate,7,0.35814814814814816,0.30212126211044515,0.8,549290
small_cnn,10,moderate,2024,0.3251851851851852,0.2934512723141906,0.8,549290
small_cnn,10,moderate,99,0.30203703703703705,0.27439429823801414,0.7,549290
small_cnn,10,moderate,17,0.3512962962962963,0.3569428907407078,0.8,549290
small_cnn,10,moderate,256,0.36407407407407405,0.3304738159983171,0.8,549290
small_cnn,10,moderate,512,0.3724074074074074,0.32450976741414184,0.8,549290
small_cnn,10,moderate,88,0.395,0.36901410965398374,0.8,549290
small_cnn,10,moderate,314,0.36592592592592593,0.31861482559598836,0.8,549290
small_cnn,10,severe,42,0.33796296296296297,0.31972344988268137,0.8,549290
small_cnn,10,severe,123,0.3409259259259259,0.28830331942783316,0.8,549290
small_cnn,10,severe,7,0.34574074074074074,0.30029552436797513,0.8,549290
small_cnn,10,severe,2024,0.31092592592592594,0.26318037390650084,0.8,549290
small_cnn,10,severe,99,0.2890740740740741,0.2738688005704887,0.8,549290
small_cnn,10,severe,17,0.3461111111111111,0.34509577982129447,0.8,549290
small_cnn,10,severe,256,0.34814814814814815,0.3125751137826725,0.8,549290
small_cnn,10,severe,512,0.3401851851851852,0.29860542944865354,0.8,549290
small_cnn,10,severe,88,0.31222222222222223,0.28561932152668756,0.8,549290
small_cnn,10,severe,314,0.30092592592592593,0.2577804078837911,0.8,549290
small_cnn,50,none,42,0.49592592592592594,0.48442657645492454,1.2,549290
small_cnn,50,none,123,0.5375925925925926,0.5277516112359651,1.2,549290
small_cnn,50,none,7,0.5494444444444444,0.5334038286109298,1.3,549290
small_cnn,50,none,2024,0.5774074074074074,0.5698074105744544,1.2,549290
small_cnn,50,none,99,0.5472222222222223,0.5336796809668811,1.4,549290
small_cnn,50,none,17,0.5368518518518518,0.5300193431028436,1.2,549290
small_cnn,50,none,256,0.5611111111111111,0.535367573114376,1.2,549290
small_cnn,50,none,512,0.5375925925925926,0.5303605681243125,1.2,549290
small_cnn,50,none,88,0.5444444444444444,0.5342693885886332,1.2,549290
small_cnn,50,none,314,0.5781481481481482,0.5636998562168766,1.2,549290
small_cnn,50,moderate,42,0.5733333333333334,0.5541821283246593,1.6,549290
small_cnn,50,moderate,123,0.5098148148148148,0.47404698251317845,1.6,549290
small_cnn,50,moderate,7,0.5590740740740741,0.5493880746403651,1.6,549290
small_cnn,50,moderate,2024,0.5025925925925926,0.47376786657675385,1.6,549290
small_cnn,50,moderate,99,0.4937037037037037,0.476227446472319,1.6,549290
small_cnn,50,moderate,17,0.5396296296296297,0.5314892041930991,1.6,549290
small_cnn,50,moderate,256,0.5218518518518519,0.509174557299219,1.6,549290
small_cnn,50,moderate,512,0.5444444444444444,0.5430267188284776,1.6,549290
small_cnn,50,moderate,88,0.5424074074074074,0.5225585864235863,1.6,549290
small_cnn,50,moderate,314,0.5653703703703704,0.5492464011560421,1.6,549290
small_cnn,50,severe,42,0.38851851851851854,0.34946721081285403,1.6,549290
small_cnn,50,severe,123,0.519074074074074,0.5036104366365161,1.6,549290
small_cnn,50,severe,7,0.5027777777777778,0.4861232477915677,1.7,549290
small_cnn,50,severe,2024,0.5014814814814815,0.4967504865937859,1.6,549290
small_cnn,50,severe,99,0.5198148148148148,0.5138981040365808,1.6,549290
small_cnn,50,severe,17,0.5125925925925926,0.5077404739313671,1.6,549290
small_cnn,50,severe,256,0.4725925925925926,0.465325403736625,1.6,549290
small_cnn,50,severe,512,0.4753703703703704,0.47759952055852867,1.6,549290
small_cnn,50,severe,88,0.5266666666666666,0.5057719102573109,1.6,549290
small_cnn,50,severe,314,0.5338888888888889,0.5235354976004482,1.6,549290
small_cnn,full,none,42,0.8464814814814815,0.8354726185986705,23.2,549290
small_cnn,full,none,123,0.8335185185185185,0.8277053779310174,22.7,549290
small_cnn,full,none,7,0.777962962962963,0.7723379979205018,23.2,549290
small_cnn,full,none,2024,0.852037037037037,0.8463991663827783,22.8,549290
small_cnn,full,none,99,0.8387037037037037,0.8355382539663225,23.1,549290
small_cnn,full,none,17,0.8511111111111112,0.8477567853822079,23.1,549290
small_cnn,full,none,256,0.8190740740740741,0.8126842814704043,23.1,549290
small_cnn,full,none,512,0.8590740740740741,0.8543365730386355,22.8,549290
small_cnn,full,none,88,0.8374074074074074,0.8349538794857608,22.8,549290
small_cnn,full,none,314,0.8555555555555555,0.8484690934787574,23.2,549290
small_cnn,full,moderate,42,0.8403703703703703,0.8354711774688963,32.3,549290
small_cnn,full,moderate,123,0.8294444444444444,0.8228385270060542,32.5,549290
small_cnn,full,moderate,7,0.8187037037037037,0.8120520152507211,32.2,549290
small_cnn,full,moderate,2024,0.8157407407407408,0.8096403566122315,31.9,549290
small_cnn,full,moderate,99,0.8272222222222222,0.8214780156982702,32.7,549290
small_cnn,full,moderate,17,0.8155555555555556,0.8095801407633887,32.3,549290
small_cnn,full,moderate,256,0.83,0.8232587348661762,32.3,549290
small_cnn,full,moderate,512,0.8264814814814815,0.8215432959124238,32.1,549290
small_cnn,full,moderate,88,0.8311111111111111,0.8254650466008162,32.2,549290
small_cnn,full,moderate,314,0.8351851851851851,0.8278318572305438,32.6,549290
small_cnn,full,severe,42,0.7983333333333333,0.7923828787869795,32.3,549290
small_cnn,full,severe,123,0.7922222222222223,0.784657437759578,32.4,549290
small_cnn,full,severe,7,0.7848148148148149,0.7728081156196615,32.0,549290
small_cnn,full,severe,2024,0.7931481481481482,0.7867730899083683,32.3,549290
small_cnn,full,severe,99,0.7987037037037037,0.79366193747908,31.8,549290
small_cnn,full,severe,17,0.7962962962962963,0.7933462461417896,32.6,549290
small_cnn,full,severe,256,0.7922222222222223,0.7848958405897031,32.3,549290
small_cnn,full,severe,512,0.7877777777777778,0.7810197516569987,32.4,549290
small_cnn,full,severe,88,0.812962962962963,0.8058395018297266,32.0,549290
small_cnn,full,severe,314,0.8103703703703704,0.8044179327477913,32.3,549290
mobilenet,5,none,42,0.5853703703703703,0.5755718912154426,2.6,2236682
mobilenet,5,none,123,0.6029629629629629,0.544485961743748,2.4,2236682
mobilenet,5,none,7,0.6042592592592593,0.571316754370024,2.4,2236682
mobilenet,5,none,2024,0.5424074074074074,0.4670310480329988,2.4,2236682
mobilenet,5,none,99,0.539074074074074,0.4951705034705263,2.4,2236682
mobilenet,5,none,17,0.5916666666666667,0.551060923183717,2.4,2236682
mobilenet,5,none,256,0.6307407407407407,0.6009581254316014,2.4,2236682
mobilenet,5,none,512,0.6748148148148149,0.6511897719507267,2.4,2236682
mobilenet,5,none,88,0.6974074074074074,0.675099676354874,2.4,2236682
mobilenet,5,none,314,0.6025925925925926,0.577698192131919,2.4,2236682
mobilenet,5,moderate,42,0.6537037037037037,0.627443118621675,3.2,2236682
mobilenet,5,moderate,123,0.6275925925925926,0.6013733353522858,3.2,2236682
mobilenet,5,moderate,7,0.6074074074074074,0.5791451823020262,3.2,2236682
mobilenet,5,moderate,2024,0.5962962962962963,0.5757238368502657,3.2,2236682
mobilenet,5,moderate,99,0.6409259259259259,0.6178072004577337,3.2,2236682
mobilenet,5,moderate,17,0.6685185185185185,0.64930033005718,3.2,2236682
mobilenet,5,moderate,256,0.6231481481481481,0.614341654489961,3.2,2236682
mobilenet,5,moderate,512,0.6333333333333333,0.6168314059749365,3.2,2236682
mobilenet,5,moderate,88,0.5957407407407408,0.5555045772211781,3.2,2236682
mobilenet,5,moderate,314,0.645,0.6319381041803901,3.2,2236682
mobilenet,5,severe,42,0.5824074074074074,0.5659635812738364,3.2,2236682
mobilenet,5,severe,123,0.5453703703703704,0.5268654082512684,3.2,2236682
mobilenet,5,severe,7,0.5416666666666666,0.5206050389829,3.2,2236682
mobilenet,5,severe,2024,0.5855555555555556,0.568679832128371,3.2,2236682
mobilenet,5,severe,99,0.5407407407407407,0.5398598812754349,3.2,2236682
mobilenet,5,severe,17,0.5703703703703704,0.5614079475368733,3.2,2236682
mobilenet,5,severe,256,0.5638888888888889,0.5524422349025082,3.2,2236682
mobilenet,5,severe,512,0.605,0.5980275288692198,3.2,2236682
mobilenet,5,severe,88,0.6090740740740741,0.5994681872365376,3.2,2236682
mobilenet,5,severe,314,0.5827777777777777,0.5698379491866994,3.2,2236682
mobilenet,10,none,42,0.5477777777777778,0.5316574325616006,3.8,2236682
mobilenet,10,none,123,0.6592592592592592,0.624035131659485,3.7,2236682
mobilenet,10,none,7,0.6461111111111111,0.626468362288023,4.0,2236682
mobilenet,10,none,2024,0.6331481481481481,0.5955354290520308,3.9,2236682
mobilenet,10,none,99,0.6705555555555556,0.6617673280152354,3.8,2236682
mobilenet,10,none,17,0.5587037037037037,0.5414095166746528,3.9,2236682
mobilenet,10,none,256,0.6168518518518519,0.6049766534477025,3.8,2236682
mobilenet,10,none,512,0.6672222222222223,0.6573856633787144,3.8,2236682
mobilenet,10,none,88,0.5577777777777778,0.5205659952438402,3.8,2236682
mobilenet,10,none,314,0.6368518518518519,0.6272549179120295,3.9,2236682
mobilenet,10,moderate,42,0.6761111111111111,0.6513656855342458,5.0,2236682
mobilenet,10,moderate,123,0.6516666666666666,0.6342359807889356,5.0,2236682
mobilenet,10,moderate,7,0.7357407407407407,0.7187732297886542,4.9,2236682
mobilenet,10,moderate,2024,0.6151851851851852,0.5956927438589205,4.9,2236682
mobilenet,10,moderate,99,0.6109259259259259,0.5891453375271786,5.0,2236682
mobilenet,10,moderate,17,0.6611111111111111,0.6476095811782422,4.9,2236682
mobilenet,10,moderate,256,0.7192592592592593,0.6972710719417343,5.0,2236682
mobilenet,10,moderate,512,0.6216666666666667,0.6107577417236226,4.9,2236682
mobilenet,10,moderate,88,0.6288888888888889,0.6061260059774438,4.9,2236682
mobilenet,10,moderate,314,0.6675925925925926,0.6507486163801519,4.9,2236682
mobilenet,10,severe,42,0.6203703703703703,0.5944964131716379,5.0,2236682
mobilenet,10,severe,123,0.6338888888888888,0.6297172757052817,4.9,2236682
mobilenet,10,severe,7,0.6125925925925926,0.6080711022282271,5.0,2236682
mobilenet,10,severe,2024,0.6568518518518518,0.6418753070572946,4.9,2236682
mobilenet,10,severe,99,0.6133333333333333,0.6004481632083835,4.9,2236682
mobilenet,10,severe,17,0.6042592592592593,0.5857677448378474,4.8,2236682
mobilenet,10,severe,256,0.6838888888888889,0.6636850389165809,5.0,2236682
mobilenet,10,severe,512,0.6246296296296296,0.6099015445666983,4.9,2236682
mobilenet,10,severe,88,0.5925925925925926,0.5851004030644058,4.9,2236682
mobilenet,10,severe,314,0.6461111111111111,0.641315949253183,4.8,2236682
mobilenet,50,none,42,0.8707407407407407,0.8659704570648514,7.3,2236682
mobilenet,50,none,123,0.822962962962963,0.8175295108734039,7.3,2236682
mobilenet,50,none,7,0.8429629629629629,0.8378804080165334,7.2,2236682
mobilenet,50,none,2024,0.8540740740740741,0.8500347986120025,7.2,2236682
mobilenet,50,none,99,0.8479629629629629,0.8448746525905451,7.1,2236682
mobilenet,50,none,17,0.8833333333333333,0.8787549268057127,7.2,2236682
mobilenet,50,none,256,0.8955555555555555,0.892391622303341,7.1,2236682
mobilenet,50,none,512,0.8674074074074074,0.862335381416452,7.2,2236682
mobilenet,50,none,88,0.8714814814814815,0.866678316601455,7.3,2236682
mobilenet,50,none,314,0.8824074074074074,0.8788401346106107,7.2,2236682
mobilenet,50,moderate,42,0.8735185185185185,0.8692092650170451,9.6,2236682
mobilenet,50,moderate,123,0.8583333333333333,0.8532610015999822,9.6,2236682
mobilenet,50,moderate,7,0.8248148148148148,0.8201561557103727,9.7,2236682
mobilenet,50,moderate,2024,0.8490740740740741,0.8429184316102807,9.7,2236682
mobilenet,50,moderate,99,0.8637037037037038,0.8575022339718856,9.7,2236682
mobilenet,50,moderate,17,0.867037037037037,0.8649387544823236,9.7,2236682
mobilenet,50,moderate,256,0.8681481481481481,0.8614925491154979,9.5,2236682
mobilenet,50,moderate,512,0.8668518518518519,0.8633224202440726,9.7,2236682
mobilenet,50,moderate,88,0.835,0.8311994853036545,9.7,2236682
mobilenet,50,moderate,314,0.8492592592592593,0.84569653441075,9.7,2236682
mobilenet,50,severe,42,0.8172222222222222,0.8105979230709925,9.6,2236682
mobilenet,50,severe,123,0.817037037037037,0.8127931464948059,9.6,2236682
mobilenet,50,severe,7,0.8253703703703704,0.8217689607870897,9.7,2236682
mobilenet,50,severe,2024,0.8201851851851852,0.8154679632136232,9.6,2236682
mobilenet,50,severe,99,0.7727777777777778,0.7712002761522301,9.7,2236682
mobilenet,50,severe,17,0.8068518518518518,0.8016093937213787,9.6,2236682
mobilenet,50,severe,256,0.8098148148148148,0.8038853053945505,9.8,2236682
mobilenet,50,severe,512,0.8285185185185185,0.8232788042056407,9.7,2236682
mobilenet,50,severe,88,0.8303703703703704,0.8274724558991308,9.7,2236682
mobilenet,50,severe,314,0.8192592592592592,0.814797986137745,9.6,2236682
mobilenet,full,none,42,0.9653703703703703,0.963842063631799,135.1,2236682
mobilenet,full,none,123,0.9712962962962963,0.9700766972819581,134.8,2236682
mobilenet,full,none,7,0.9687037037037037,0.9676915220149993,134.7,2236682
mobilenet,full,none,2024,0.9564814814814815,0.9570678091447953,134.7,2236682
mobilenet,full,none,99,0.9614814814814815,0.9608640728189373,134.7,2236682
mobilenet,full,none,17,0.9703703703703703,0.9690898624741943,135.1,2236682
mobilenet,full,none,256,0.97,0.9686660035225548,134.9,2236682
mobilenet,full,none,512,0.9640740740740741,0.9627714963693638,134.7,2236682
mobilenet,full,none,88,0.9694444444444444,0.9688994760702963,135.6,2236682
mobilenet,full,none,314,0.9661111111111111,0.9649642363666331,135.0,2236682
mobilenet,full,moderate,42,0.9666666666666667,0.965444264184392,185.5,2236682
mobilenet,full,moderate,123,0.9677777777777777,0.9668995688646026,185.2,2236682
mobilenet,full,moderate,7,0.9657407407407408,0.9640855496524109,185.0,2236682
mobilenet,full,moderate,2024,0.9648148148148148,0.9638136705772251,185.7,2236682
mobilenet,full,moderate,99,0.9688888888888889,0.9678790319677845,185.0,2236682
mobilenet,full,moderate,17,0.970925925925926,0.9696989158189698,185.4,2236682
mobilenet,full,moderate,256,0.9638888888888889,0.9630112862232874,185.2,2236682
mobilenet,full,moderate,512,0.967037037037037,0.9663450782433955,184.9,2236682
mobilenet,full,moderate,88,0.972037037037037,0.971024369956341,185.2,2236682
mobilenet,full,moderate,314,0.9735185185185186,0.9728757584783783,185.0,2236682
mobilenet,full,severe,42,0.9640740740740741,0.9630615104258531,185.7,2236682
mobilenet,full,severe,123,0.9431481481481482,0.9423230792946221,184.7,2236682
mobilenet,full,severe,7,0.9590740740740741,0.9574616624377332,186.1,2236682
mobilenet,full,severe,2024,0.9583333333333334,0.9569069008426758,185.0,2236682
mobilenet,full,severe,99,0.9572222222222222,0.9565118348538191,184.7,2236682
mobilenet,full,severe,17,0.9614814814814815,0.9603235021671568,185.8,2236682
mobilenet,full,severe,256,0.9592592592592593,0.9586315820597113,185.4,2236682
mobilenet,full,severe,512,0.9662962962962963,0.9657625003308089,185.1,2236682
mobilenet,full,severe,88,0.9638888888888889,0.9630323255051125,185.5,2236682
mobilenet,full,severe,314,0.9555555555555556,0.9541012706063015,184.8,2236682
vit,5,none,42,0.4248148148148148,0.4246483298679043,2.7,5526346
vit,5,none,123,0.37333333333333335,0.3303959310787522,2.6,5526346
vit,5,none,7,0.36574074074074076,0.35802012878100054,2.6,5526346
vit,5,none,2024,0.5059259259259259,0.47792438703624984,2.6,5526346
vit,5,none,99,0.4598148148148148,0.4426319684171184,2.6,5526346
vit,5,none,17,0.46703703703703703,0.4541021732366267,2.6,5526346
vit,5,none,256,0.3416666666666667,0.3299484619949695,2.6,5526346
vit,5,none,512,0.4266666666666667,0.3832680555419046,2.7,5526346
vit,5,none,88,0.5187037037037037,0.5035662230436634,2.7,5526346
vit,5,none,314,0.47574074074074074,0.4537682434857679,2.7,5526346
vit,5,moderate,42,0.4764814814814815,0.44841220946534355,3.4,5526346
vit,5,moderate,123,0.48333333333333334,0.4548549200932861,3.4,5526346
vit,5,moderate,7,0.3959259259259259,0.3652205645172338,3.4,5526346
vit,5,moderate,2024,0.4087037037037037,0.3426686110114717,3.4,5526346
vit,5,moderate,99,0.4887037037037037,0.46044913834299883,3.4,5526346
vit,5,moderate,17,0.3590740740740741,0.34482755896414324,3.4,5526346
vit,5,moderate,256,0.4514814814814815,0.4306436810444826,3.4,5526346
vit,5,moderate,512,0.4937037037037037,0.4708143824260887,3.4,5526346
vit,5,moderate,88,0.332037037037037,0.3358655489054484,3.4,5526346
vit,5,moderate,314,0.45611111111111113,0.4120641691816519,3.4,5526346
vit,5,severe,42,0.4325925925925926,0.39875978308743754,3.4,5526346
vit,5,severe,123,0.43574074074074076,0.4195782062565875,3.4,5526346
vit,5,severe,7,0.45481481481481484,0.4164856024671126,3.4,5526346
vit,5,severe,2024,0.445,0.4330881387121817,3.4,5526346
vit,5,severe,99,0.39351851851851855,0.35688456299270643,3.4,5526346
vit,5,severe,17,0.4162962962962963,0.4058852752617832,3.4,5526346
vit,5,severe,256,0.34185185185185185,0.2920593798485863,3.4,5526346
vit,5,severe,512,0.41759259259259257,0.3998504199732495,3.4,5526346
vit,5,severe,88,0.3635185185185185,0.3368195808445389,3.4,5526346
vit,5,severe,314,0.4159259259259259,0.3887673068021936,3.4,5526346
vit,10,none,42,0.41333333333333333,0.40552913267903207,4.2,5526346
vit,10,none,123,0.43648148148148147,0.3883480369972022,4.2,5526346
vit,10,none,7,0.502962962962963,0.4541547897652293,4.0,5526346
vit,10,none,2024,0.5253703703703704,0.5264680286398519,4.2,5526346
vit,10,none,99,0.40814814814814815,0.38011176701820837,4.1,5526346
vit,10,none,17,0.43,0.4021598656615691,4.1,5526346
vit,10,none,256,0.38037037037037036,0.34515124717416334,4.2,5526346
vit,10,none,512,0.4361111111111111,0.4170915386191386,4.2,5526346
vit,10,none,88,0.40685185185185185,0.38175825998367674,4.2,5526346
vit,10,none,314,0.4085185185185185,0.3593889145476874,4.1,5526346
vit,10,moderate,42,0.41444444444444445,0.37395796781965707,5.0,5526346
vit,10,moderate,123,0.4540740740740741,0.44423967373276846,5.0,5526346
vit,10,moderate,7,0.46240740740740743,0.4273339334932686,5.0,5526346
vit,10,moderate,2024,0.4759259259259259,0.4445833046330498,5.0,5526346
vit,10,moderate,99,0.5222222222222223,0.49615966698515956,4.9,5526346
vit,10,moderate,17,0.45925925925925926,0.4245063279187528,5.0,5526346
vit,10,moderate,256,0.43444444444444447,0.4081389375585903,5.0,5526346
vit,10,moderate,512,0.4461111111111111,0.44142410235938295,5.0,5526346
vit,10,moderate,88,0.4431481481481481,0.43851644872208456,5.1,5526346
vit,10,moderate,314,0.43203703703703705,0.3955389399780148,4.9,5526346
vit,10,severe,42,0.44351851851851853,0.416176456924844,5.0,5526346
vit,10,severe,123,0.43777777777777777,0.406393828762289,4.9,5526346
vit,10,severe,7,0.5183333333333333,0.5096308630928844,5.0,5526346
vit,10,severe,2024,0.4487037037037037,0.4133450244603408,5.0,5526346
vit,10,severe,99,0.4824074074074074,0.4373445517890069,5.0,5526346
vit,10,severe,17,0.42407407407407405,0.39339342884769113,5.0,5526346
vit,10,severe,256,0.43925925925925924,0.418597278812594,5.0,5526346
vit,10,severe,512,0.42462962962962963,0.4047057904762454,4.9,5526346
vit,10,severe,88,0.455,0.44142139934870006,5.0,5526346
vit,10,severe,314,0.3927777777777778,0.3292085626789175,5.0,5526346
vit,50,none,42,0.6442592592592593,0.6211840065286037,8.0,5526346
vit,50,none,123,0.7044444444444444,0.6966210795589612,8.0,5526346
vit,50,none,7,0.7040740740740741,0.6935012419831279,8.0,5526346
vit,50,none,2024,0.6903703703703704,0.67929553629143,8.0,5526346
vit,50,none,99,0.7075925925925926,0.6962079516444843,8.0,5526346
vit,50,none,17,0.6281481481481481,0.607220022339148,8.0,5526346
vit,50,none,256,0.6688888888888889,0.6520601623338499,8.0,5526346
vit,50,none,512,0.6472222222222223,0.6238847375018676,8.0,5526346
vit,50,none,88,0.7229629629629629,0.7148165036081273,8.1,5526346
vit,50,none,314,0.6512962962962963,0.6286559057241096,8.0,5526346
vit,50,moderate,42,0.6825925925925926,0.6730798939677204,9.5,5526346
vit,50,moderate,123,0.5507407407407408,0.5398390356584735,9.7,5526346
vit,50,moderate,7,0.6759259259259259,0.6609925925607915,9.6,5526346
vit,50,moderate,2024,0.6792592592592592,0.673089674301806,9.7,5526346
vit,50,moderate,99,0.6837037037037037,0.669196019576566,9.7,5526346
vit,50,moderate,17,0.6948148148148148,0.6748059672290312,9.6,5526346
vit,50,moderate,256,0.6659259259259259,0.6471614824854381,9.7,5526346
vit,50,moderate,512,0.7074074074074074,0.6965964838217422,9.7,5526346
vit,50,moderate,88,0.7224074074074074,0.712133196185398,9.7,5526346
vit,50,moderate,314,0.6535185185185185,0.6381468633720346,9.7,5526346
vit,50,severe,42,0.6994444444444444,0.6810072844329793,9.6,5526346
vit,50,severe,123,0.6233333333333333,0.614379434422636,9.6,5526346
vit,50,severe,7,0.6396296296296297,0.6268686883656478,9.8,5526346
vit,50,severe,2024,0.6905555555555556,0.6811189442024562,9.7,5526346
vit,50,severe,99,0.6012962962962963,0.577392488016227,9.6,5526346
vit,50,severe,17,0.6601851851851852,0.654127724311459,9.7,5526346
vit,50,severe,256,0.647962962962963,0.6342867202195785,9.8,5526346
vit,50,severe,512,0.6994444444444444,0.6932489893901347,9.7,5526346
vit,50,severe,88,0.6774074074074075,0.6658413785559892,9.6,5526346
vit,50,severe,314,0.6412962962962963,0.6279367552037918,9.7,5526346
vit,full,none,42,0.9377777777777778,0.9349778228779859,151.4,5526346
vit,full,none,123,0.9366666666666666,0.9337702639367214,151.4,5526346
vit,full,none,7,0.9435185185185185,0.9418298773365426,151.4,5526346
vit,full,none,2024,0.9357407407407408,0.9339097589131496,151.7,5526346
vit,full,none,99,0.937037037037037,0.9347759086975941,151.3,5526346
vit,full,none,17,0.9318518518518518,0.9295187577893429,151.5,5526346
vit,full,none,256,0.9433333333333334,0.940816182921594,151.5,5526346
vit,full,none,512,0.9216666666666666,0.9203437469484598,151.5,5526346
vit,full,none,88,0.9196296296296296,0.9165906237414347,151.5,5526346
vit,full,none,314,0.9392592592592592,0.9370930013369622,151.4,5526346
vit,full,moderate,42,0.9312962962962963,0.9274543387316984,183.2,5526346
vit,full,moderate,123,0.9340740740740741,0.9317244762248738,184.2,5526346
vit,full,moderate,7,0.9472222222222222,0.9452948336846116,183.2,5526346
vit,full,moderate,2024,0.9464814814814815,0.9440557430588985,183.9,5526346
vit,full,moderate,99,0.9444444444444444,0.9424644110857638,183.7,5526346
vit,full,moderate,17,0.9501851851851851,0.9483613762004118,185.5,5526346
vit,full,moderate,256,0.9457407407407408,0.9440181737666935,184.2,5526346
vit,full,moderate,512,0.927962962962963,0.926803471040383,184.7,5526346
vit,full,moderate,88,0.9416666666666667,0.9395589844724404,183.7,5526346
vit,full,moderate,314,0.9381481481481482,0.9356577849979804,183.1,5526346
vit,full,severe,42,0.9096296296296297,0.9058476359735048,183.8,5526346
vit,full,severe,123,0.9022222222222223,0.8998678639522983,183.7,5526346
vit,full,severe,7,0.9168518518518518,0.9157568074446051,184.3,5526346
vit,full,severe,2024,0.9357407407407408,0.9331919340730753,184.2,5526346
vit,full,severe,99,0.9348148148148148,0.9321648330065994,183.9,5526346
vit,full,severe,17,0.9253703703703704,0.9224405820589923,182.9,5526346
vit,full,severe,256,0.9151851851851852,0.9122237459090279,184.4,5526346
vit,full,severe,512,0.9,0.8985384950562934,183.8,5526346
vit,full,severe,88,0.9261111111111111,0.9222953711385312,184.5,5526346
vit,full,severe,314,0.9183333333333333,0.9153513613065638,183.5,5526346
